89.9984,0,-174.997,1.53554e-06,1
89.9936,0,-174.989,7.82416e-06,2
89.9856,0,-174.974,2.12325e-05,3
89.9744,0,-174.954,4.41556e-05,4
89.9601,0,-174.929,7.89884e-05,5
89.9427,0,-174.898,0.000128126,6
89.9223,0,-174.862,0.000193964,7
89.8987,0,-174.82,0.000278897,8
89.8722,0,-174.772,0.00038532,9
89.8426,0,-174.72,0.000515628,10
89.8101,0,-174.662,0.000672212,11
89.7746,0,-174.599,0.000857484,12
89.7362,0,-174.53,0.00107381,13
89.6949,0,-174.457,0.00132361,14
89.6507,0,-174.378,0.00160928,15
89.6037,0,-174.294,0.00193318,16
89.5539,0,-174.205,0.00229775,17
89.5012,0,-174.112,0.00270537,18
89.4458,0,-174.013,0.00315842,19
89.3877,0,-173.909,0.0036593,20
89.3268,0,-173.801,0.00421042,21
89.2633,0,-173.688,0.00481416,22
89.197,0,-173.57,0.00547292,23
89.1282,0,-173.447,0.00618911,24
89.0567,0,-173.32,0.00696509,25
88.9826,0,-173.188,0.00780329,26
88.906,0,-173.052,0.0087061,27
88.8269,0,-172.911,0.00967588,28
88.7452,0,-172.765,0.0107151,29
88.6611,0,-172.615,0.0118261,30
88.5744,0,-172.461,0.0130113,31
88.4854,0,-172.303,0.0142729,32
88.394,0,-172.14,0.0156136,33
88.3001,0,-171.973,0.0170357,34
88.2039,0,-171.801,0.0185415,35
88.1054,0,-171.626,0.0201335,36
88.0046,0,-171.446,0.0218141,37
87.9015,0,-171.263,0.0235856,38
87.7962,0,-171.075,0.0254504,39
87.6886,0,-170.884,0.027411,40
87.5789,0,-170.688,0.0294697,41
87.4669,0,-170.489,0.0316289,42
87.3528,0,-170.286,0.033891,43
87.2366,0,-170.079,0.0362584,44
87.1183,0,-169.868,0.0387336,45
86.9979,0,-169.654,0.0413189,46
86.8755,0,-169.435,0.0440167,47
86.7511,0,-169.214,0.0468294,48
86.6247,0,-168.989,0.0497593,49
86.4963,0,-168.76,0.052809,50
86.3659,0,-168.528,0.0559807,51
86.2337,0,-168.292,0.0592769,52
86.0995,0,-168.054,0.0627001,53
85.9635,0,-167.811,0.0662525,54
85.8257,0,-167.566,0.0699364,55
85.686,0,-167.317,0.0737545,56
85.5446,0,-167.065,0.0777091,57
85.4014,0,-166.81,0.0818025,58
85.2565,0,-166.552,0.0860371,59
85.1098,0,-166.291,0.0904153,60
84.9615,0,-166.027,0.0949396,61
84.8116,0,-165.76,0.0996123,62
84.66,0,-165.49,0.104436,63
84.5067,0,-165.217,0.109413,64
84.352,0,-164.941,0.114545,65
84.1956,0,-164.663,0.119835,66
84.0378,0,-164.382,0.125286,67
83.8784,0,-164.098,0.1309,68
83.7175,0,-163.811,0.136679,69
83.5553,0,-163.522,0.142625,70
83.3915,0,-163.231,0.148741,71
83.2264,0,-162.937,0.15503,72
83.0599,0,-162.64,0.161494,73
82.8921,0,-162.341,0.168134,74
82.723,0,-162.04,0.174955,75
82.5525,0,-161.737,0.181957,76
82.3808,0,-161.431,0.189144,77
82.2079,0,-161.123,0.196517,78
82.0337,0,-160.812,0.204079,79
81.8584,0,-160.5,0.211833,80
81.6818,0,-160.186,0.219781,81
81.5042,0,-159.869,0.227925,82
81.3254,0,-159.551,0.236268,83
81.1455,0,-159.231,0.244812,84
80.9646,0,-158.909,0.25356,85
80.7827,0,-158.584,0.262513,86
80.5997,0,-158.259,0.271675,87
80.4158,0,-157.931,0.281048,88
80.2309,0,-157.602,0.290633,89
80.045,0,-157.271,0.300434,90
79.8583,0,-156.938,0.310453,91
79.6707,0,-156.604,0.320693,92
79.4822,0,-156.268,0.331155,93
79.2929,0,-155.931,0.341842,94
79.1028,0,-155.593,0.352756,95
78.9119,0,-155.253,0.363901,96
78.7203,0,-154.911,0.375277,97
78.5279,0,-154.569,0.386888,98
78.3349,0,-154.225,0.398737,99
78.1411,0,-153.88,0.410825,100
77.9468,0,-153.534,0.423154,101
77.7518,0,-153.187,0.435728,102
77.5562,0,-152.838,0.448548,103
77.36,0,-152.489,0.461618,104
77.1633,0,-152.139,0.474939,105
76.9661,0,-151.787,0.488513,106
76.7684,0,-151.435,0.502344,107
76.5702,0,-151.082,0.516434,108
76.3716,0,-150.729,0.530784,109
76.1725,0,-150.374,0.545398,110
75.9731,0,-150.019,0.560278,111
75.7733,0,-149.663,0.575426,112
75.5732,0,-149.307,0.590844,113
75.3728,0,-148.95,0.606535,114
75.1721,0,-148.592,0.622502,115
74.9711,0,-148.234,0.638746,116
74.7699,0,-147.876,0.655271,117
74.5685,0,-147.517,0.672078,118
74.3669,0,-147.158,0.689171,119
74.1652,0,-146.799,0.70655,120
73.9633,0,-146.44,0.724219,121
73.7613,0,-146.08,0.742181,122
73.5592,0,-145.72,0.760437,123
73.3571,0,-145.36,0.778989,124
73.155,0,-145,0.797842,125
72.9529,0,-144.64,0.816995,126
72.7507,0,-144.28,0.836453,127
72.5487,0,-143.92,0.856218,128
72.3467,0,-143.561,0.876291,129
72.1448,0,-143.201,0.896676,130
71.9431,0,-142.842,0.917374,131
71.7415,0,-142.483,0.938389,132
71.5401,0,-142.124,0.959722,133
71.3389,0,-141.766,0.981375,134
71.1379,0,-141.408,1.00335,135
70.9372,0,-141.05,1.02565,136
70.7368,0,-140.693,1.04829,137
70.5366,0,-140.337,1.07125,138
70.3369,0,-139.981,1.09454,139
70.1374,0,-139.626,1.11817,140
69.9384,0,-139.272,1.14214,141
69.7398,0,-138.918,1.16644,142
69.5416,0,-138.565,1.19109,143
69.3439,0,-138.213,1.21609,144
69.1467,0,-137.861,1.24143,145
68.95,0,-137.511,1.26712,146
68.7538,0,-137.162,1.29316,147
68.5582,0,-136.813,1.31956,148
68.3632,0,-136.466,1.34632,149
68.1689,0,-136.12,1.37343,150
67.9751,0,-135.775,1.4009,151
67.7821,0,-135.431,1.42874,152
67.5897,0,-135.089,1.45695,153
67.3981,0,-134.747,1.48552,154
67.2072,0,-134.407,1.51447,155
67.0171,0,-134.069,1.54379,156
66.8278,0,-133.732,1.57348,157
66.6393,0,-133.396,1.60355,158
66.4517,0,-133.062,1.63401,159
66.265,0,-132.729,1.66485,160
66.0791,0,-132.398,1.69607,161
65.8942,0,-132.069,1.72768,162
65.7103,0,-131.741,1.75968,163
65.5273,0,-131.416,1.79207,164
65.3454,0,-131.092,1.82486,165
65.1645,0,-130.769,1.85805,166
64.9846,0,-130.449,1.89163,167
64.8058,0,-130.131,1.92562,168
64.6282,0,-129.814,1.96002,169
64.4516,0,-129.5,1.99482,170
64.2763,0,-129.188,2.03003,171
64.1021,0,-128.877,2.06565,172
63.9292,0,-128.569,2.10168,173
63.7575,0,-128.264,2.13814,174
63.587,0,-127.96,2.17501,175
63.4179,0,-127.659,2.2123,176
63.25,0,-127.36,2.25002,177
63.0836,0,-127.063,2.28816,178
62.9185,0,-126.769,2.32673,179
62.7547,0,-126.478,2.36574,180
62.5924,0,-126.189,2.40517,181
62.4316,0,-125.902,2.44505,182
62.2722,0,-125.619,2.48536,183
62.1144,0,-125.337,2.52611,184
61.958,0,-125.059,2.5673,185
61.8032,0,-124.783,2.60894,186
61.65,0,-124.51,2.65103,187
61.4984,0,-124.24,2.69357,188
61.3485,0,-123.973,2.73656,189
61.2001,0,-123.709,2.78,190
61.0535,0,-123.448,2.8239,191
60.9086,0,-123.19,2.86827,192
60.7654,0,-122.935,2.91309,193
60.6239,0,-122.683,2.95838,194
60.4843,0,-122.434,3.00414,195
60.3465,0,-122.189,3.05036,196
60.2105,0,-121.947,3.09706,197
60.0763,0,-121.708,3.14423,198
59.9441,0,-121.472,3.19188,199
59.8137,0,-121.24,3.24,200
59.6853,0,-121.011,3.28861,201
59.5589,0,-120.786,3.3377,202
59.4345,0,-120.565,3.38728,203
59.312,0,-120.347,3.43735,204
59.1917,0,-120.132,3.48791,205
59.0734,0,-119.922,3.53896,206
58.9572,0,-119.715,3.5905,207
58.8431,0,-119.511,3.64255,208
58.7311,0,-119.312,3.69509,209
58.6214,0,-119.117,3.74814,210
58.5138,0,-118.925,3.80169,211
58.4085,0,-118.737,3.85576,212
58.3054,0,-118.554,3.91033,213
58.2046,0,-118.374,3.96541,214
58.106,0,-118.199,4.02101,215
58.0099,0,-118.027,4.07713,216
57.916,0,-117.86,4.13376,217
57.8246,0,-117.698,4.19092,218
57.7355,0,-117.539,4.2486,219
57.6489,0,-117.385,4.30681,220
57.5648,0,-117.235,4.36555,221
57.4831,0,-117.089,4.42482,222
57.404,0,-116.948,4.48462,223
57.3273,0,-116.812,4.54496,224
57.2533,0,-116.68,4.60584,225
57.1818,0,-116.553,4.66726,226
57.113,0,-116.43,4.72922,227
57.0467,0,-116.312,4.79173,228
56.9832,0,-116.199,4.85479,229
56.9223,0,-116.091,4.9184,230
56.8642,0,-115.987,4.98256,231
56.8088,0,-115.888,5.04728,232
56.7561,0,-115.795,5.11255,233
56.7063,0,-115.706,5.17839,234
56.6593,0,-115.622,5.24479,235
56.6151,0,-115.543,5.31175,236
56.5738,0,-115.47,5.37929,237
56.5354,0,-115.402,5.44739,238
56.4999,0,-115.338,5.51606,239
56.4674,0,-115.28,5.58531,240
56.4378,0,-115.228,5.65514,241
56.4113,0,-115.18,5.72554,242
56.3877,0,-115.139,5.79653,243
56.3672,0,-115.102,5.8681,244
56.3499,0,-115.071,5.94026,245
56.3356,0,-115.046,6.01301,246
56.3244,0,-115.026,6.08634,247
56.3164,0,-115.012,6.16028,248
56.3116,0,-115.003,6.23481,249
56.31,0,-115,6.30993,250
56.3115,-0.00196163,-115,6.38626,251
56.3161,-0.00782564,-115,6.46438,252
56.3238,-0.0175599,-115,6.54428,253
56.3346,-0.0311341,-115,6.62593,254
56.3483,-0.0485157,-115,6.70932,255
56.365,-0.0696736,-115,6.79444,256
56.3847,-0.0945768,-115,6.88126,257
56.4073,-0.123193,-115,6.96977,258
56.4328,-0.155492,-115,7.05996,259
56.4612,-0.19144,-115,7.1518,260
56.4925,-0.231008,-115,7.24528,261
56.5266,-0.274164,-115,7.34038,262
56.5635,-0.320875,-115,7.43709,263
56.6032,-0.37111,-115,7.53538,264
56.6457,-0.42484,-115,7.63525,265
56.6909,-0.482031,-115,7.73668,266
56.7388,-0.542652,-115,7.83964,267
56.7894,-0.606672,-115,7.94412,268
56.8426,-0.674058,-115,8.05011,269
56.8985,-0.744782,-115,8.15758,270
56.957,-0.818808,-115,8.26652,271
57.0181,-0.896108,-115,8.37692,272
57.0817,-0.976648,-115,8.48875,273
57.1479,-1.0604,-115,8.60201,274
57.2166,-1.14733,-115,8.71666,275
57.2878,-1.23741,-115,8.83271,276
57.3614,-1.3306,-115,8.95012,277
57.4375,-1.42687,-115,9.06888,278
57.516,-1.5262,-115,9.18898,279
57.5969,-1.62855,-115,9.3104,280
57.6801,-1.73389,-115,9.43312,281
57.7657,-1.84219,-115,9.55712,282
57.8536,-1.95341,-115,9.6824,283
57.9438,-2.06753,-115,9.80892,284
58.0362,-2.18452,-115,9.93668,285
58.1309,-2.30433,-115,10.0657,286
58.2278,-2.42695,-115,10.1958,287
58.3269,-2.55233,-115,10.3272,288
58.4281,-2.68045,-115,10.4597,289
58.5315,-2.81129,-115,10.5934,290
58.637,-2.94479,-115,10.7282,291
58.7446,-3.08094,-115,10.8641,292
58.8542,-3.2197,-115,11.0011,293
58.9659,-3.36104,-115,11.1392,294
59.0796,-3.50493,-115,11.2784,295
59.1953,-3.65134,-115,11.4186,296
59.313,-3.80023,-115,11.5599,297
59.4326,-3.95157,-115,11.7021,298
59.5541,-4.10535,-115,11.8454,299
59.6775,-4.26151,-115,11.9897,300
59.8028,-4.42003,-115,12.1349,301
59.9299,-4.58088,-115,12.281,302
60.0588,-4.74403,-115,12.4281,303
60.1895,-4.90945,-115,12.5761,304
60.322,-5.0771,-115,12.725,305
60.4562,-5.24695,-115,12.8748,306
60.5921,-5.41897,-115,13.0254,307
60.7298,-5.59314,-115,13.1769,308
60.8691,-5.76941,-115,13.3292,309
61.01,-5.94776,-115,13.4823,310
61.1526,-6.12815,-115,13.6363,311
61.2967,-6.31056,-115,13.7909,312
61.4424,-6.49495,-115,13.9464,313
61.5897,-6.68129,-115,14.1026,314
61.7384,-6.86955,-115,14.2595,315
61.8888,-7.05986,-115,14.4173,316
62.0404,-7.25171,-115,14.5755,317
62.1936,-7.44554,-115,14.7345,318
62.3482,-7.64117,-115,14.8942,319
62.5041,-7.83855,-115,15.0545,320
62.6615,-8.03767,-115,15.2155,321
62.8202,-8.23849,-115,15.377,322
62.9802,-8.44098,-115,15.5392,323
63.1415,-8.6451,-115,15.7019,324
63.3041,-8.85083,-115,15.8652,325
63.4679,-9.05813,-115,16.029,326
63.6329,-9.26697,-115,16.1934,327
63.7991,-9.47732,-115,16.3582,328
63.9665,-9.68916,-115,16.5236,329
64.1351,-9.90244,-115,16.6894,330
64.3047,-10.1171,-115,16.8557,331
64.4755,-10.3332,-115,17.0224,332
64.6473,-10.5506,-115,17.1895,333
64.8202,-10.7694,-115,17.3571,334
64.9941,-10.9894,-115,17.5251,335
65.1689,-11.2108,-115,17.6934,336
65.3448,-11.4333,-115,17.862,337
65.5216,-11.657,-115,18.0311,338
65.6993,-11.8819,-115,18.2004,339
65.8779,-12.1079,-115,18.37,340
66.0574,-12.3351,-115,18.54,341
66.2377,-12.5632,-115,18.7102,342
66.4189,-12.7925,-115,18.8806,343
66.6008,-13.0227,-115,19.0513,344
66.7835,-13.2539,-115,19.2222,345
66.967,-13.4861,-115,19.3934,346
67.1511,-13.7192,-115,19.5647,347
67.336,-13.9531,-115,19.7362,348
67.5216,-14.1879,-115,19.9078,349
67.7078,-14.4236,-115,20.0796,350
67.8946,-14.66,-115,20.2515,351
68.082,-14.8971,-115,20.4235,352
68.27,-15.135,-115,20.5955,353
68.4585,-15.3736,-115,20.7677,354
68.6476,-15.6129,-115,20.9399,355
68.8371,-15.8527,-115,21.1121,356
69.0271,-16.0932,-115,21.2844,357
69.2176,-16.3342,-115,21.4567,358
69.4085,-16.5758,-115,21.6289,359
69.5998,-16.8179,-115,21.8011,360
69.7915,-17.0604,-115,21.9733,361
69.9835,-17.3034,-115,22.1454,362
70.1758,-17.5468,-115,22.3174,363
70.3685,-17.7906,-115,22.4893,364
70.5614,-18.0347,-115,22.6611,365
70.7545,-18.2791,-115,22.8328,366
70.9479,-18.5239,-115,23.0043,367
71.1415,-18.7688,-115,23.1757,368
71.3352,-19.014,-115,23.3469,369
71.5291,-19.2594,-115,23.5178,370
71.7232,-19.5049,-115,23.6886,371
71.9173,-19.7506,-115,23.8591,372
72.1115,-19.9964,-115,24.0294,373
72.3057,-20.2422,-115,24.1994,374
72.5,-20.488,-115,24.3691,375
72.6943,-20.7338,-115,24.5385,376
72.8886,-20.9797,-115,24.7076,377
73.0828,-21.2255,-115,24.8764,378
73.2769,-21.4711,-115,25.0448,379
73.4709,-21.7167,-115,25.2128,380
73.6648,-21.962,-115,25.3805,381
73.8586,-22.2072,-115,25.5477,382
74.0521,-22.4522,-115,25.7145,383
74.2455,-22.6969,-115,25.8809,384
74.4387,-22.9413,-115,26.0469,385
74.6316,-23.1855,-115,26.2123,386
74.8242,-23.4292,-115,26.3773,387
75.0166,-23.6726,-115,26.5418,388
75.2086,-23.9156,-115,26.7057,389
75.4002,-24.1582,-115,26.8692,390
75.5915,-24.4002,-115,27.032,391
75.7824,-24.6418,-115,27.1943,392
75.9729,-24.8828,-115,27.356,393
76.1629,-25.1233,-115,27.5171,394
76.3525,-25.3632,-115,27.6776,395
76.5416,-25.6025,-115,27.8374,396
76.7301,-25.841,-115,27.9966,397
76.9181,-26.0789,-115,28.1551,398
77.1055,-26.3161,-115,28.3129,399
77.2923,-26.5525,-115,28.47,400
77.4785,-26.7881,-115,28.6264,401
77.664,-27.0229,-115,28.7821,402
77.8489,-27.2569,-115,28.937,403
78.0331,-27.4899,-115,29.0911,404
78.2165,-27.7221,-115,29.2444,405
78.3993,-27.9533,-115,29.3969,406
78.5812,-28.1836,-115,29.5486,407
78.7623,-28.4128,-115,29.6994,408
78.9427,-28.641,-115,29.8494,409
79.1221,-28.8681,-115,29.9986,410
79.3008,-29.0941,-115,30.1468,411
79.4785,-29.319,-115,30.2941,412
79.6553,-29.5428,-115,30.4405,413
79.8311,-29.7653,-115,30.5859,414
80.006,-29.9866,-115,30.7304,415
80.1799,-30.2066,-115,30.8739,416
80.3527,-30.4254,-115,31.0164,417
80.5246,-30.6428,-115,31.1579,418
80.6953,-30.8589,-115,31.2984,419
80.865,-31.0736,-115,31.4378,420
81.0335,-31.2869,-115,31.5762,421
81.2009,-31.4987,-115,31.7135,422
81.3671,-31.7091,-115,31.8497,423
81.5322,-31.9179,-115,31.9848,424
81.696,-32.1252,-115,32.1187,425
81.8585,-32.3309,-115,32.2515,426
82.0198,-32.5351,-115,32.3832,427
82.1799,-32.7376,-115,32.5136,428
82.3385,-32.9384,-115,32.6429,429
82.4959,-33.1375,-115,32.771,430
82.6519,-33.3349,-115,32.8978,431
82.8065,-33.5305,-115,33.0234,432
82.9596,-33.7243,-115,33.1477,433
83.1114,-33.9163,-115,33.2707,434
83.2616,-34.1065,-115,33.3925,435
83.4104,-34.2948,-115,33.5129,436
83.5576,-34.4811,-115,33.632,437
83.7033,-34.6655,-115,33.7497,438
83.8475,-34.8479,-115,33.8661,439
83.99,-35.0283,-115,33.9811,440
84.131,-35.2066,-115,34.0947,441
84.2703,-35.3829,-115,34.2069,442
84.4079,-35.5571,-115,34.3177,443
84.5438,-35.7291,-115,34.427,444
84.6781,-35.899,-115,34.5348,445
84.8105,-36.0666,-115,34.6412,446
84.9412,-36.232,-115,34.746,447
85.0702,-36.3952,-115,34.8493,448
85.1973,-36.556,-115,34.9512,449
85.3225,-36.7145,-115,35.0514,450
85.446,-36.8707,-115,35.1501,451
85.5675,-37.0245,-115,35.2472,452
85.6871,-37.1758,-115,35.3427,453
85.8047,-37.3247,-115,35.4366,454
85.9204,-37.4711,-115,35.5288,455
86.0341,-37.615,-115,35.6194,456
86.1458,-37.7563,-115,35.7083,457
86.2555,-37.8951,-115,35.7956,458
86.363,-38.0313,-115,35.8811,459
86.4685,-38.1648,-115,35.9649,460
86.5719,-38.2956,-115,36.047,461
86.6732,-38.4237,-115,36.1273,462
86.7723,-38.5491,-115,36.2059,463
86.8692,-38.6717,-115,36.2827,464
86.9638,-38.7915,-115,36.3576,465
87.0563,-38.9085,-115,36.4308,466
87.1465,-39.0226,-115,36.5021,467
87.2343,-39.1339,-115,36.5716,468
87.3199,-39.2422,-115,36.6391,469
87.4032,-39.3475,-115,36.7048,470
87.484,-39.4498,-115,36.7686,471
87.5625,-39.5492,-115,36.8305,472
87.6386,-39.6454,-115,36.8904,473
87.7123,-39.7386,-115,36.9484,474
87.7834,-39.8287,-115,37.0044,475
87.8521,-39.9156,-115,37.0584,476
87.9183,-39.9994,-115,37.1104,477
87.982,-40.0799,-115,37.1604,478
88.043,-40.1572,-115,37.2083,479
88.1015,-40.2313,-115,37.2542,480
88.1574,-40.302,-115,37.298,481
88.2107,-40.3694,-115,37.3398,482
88.2613,-40.4334,-115,37.3794,483
88.3092,-40.494,-115,37.4169,484
88.3544,-40.5512,-115,37.4522,485
88.3968,-40.6049,-115,37.4854,486
88.4365,-40.6552,-115,37.5164,487
88.4734,-40.7019,-115,37.5452,488
88.5075,-40.745,-115,37.5719,489
88.5388,-40.7846,-115,37.5962,490
88.5672,-40.8206,-115,37.6184,491
88.5927,-40.8529,-115,37.6383,492
88.6153,-40.8815,-115,37.6559,493
88.635,-40.9064,-115,37.6712,494
88.6517,-40.9275,-115,37.6842,495
88.6655,-40.9449,-115,37.6949,496
88.6762,-40.9585,-115,37.7032,497
88.6839,-40.9682,-115,37.7092,498
88.6885,-40.9741,-115,37.7128,499
88.6901,-40.976,-115,37.714,500
88.6859,-40.9721,-115.002,37.7099,501
88.6734,-40.9604,-115.01,37.6977,502
88.6526,-40.9409,-115.021,37.6774,503
88.6237,-40.9138,-115.038,37.6491,504
88.5866,-40.879,-115.059,37.6129,505
88.5415,-40.8367,-115.085,37.5687,506
88.4884,-40.7869,-115.115,37.5168,507
88.4274,-40.7297,-115.15,37.4572,508
88.3585,-40.6651,-115.19,37.3898,509
88.2818,-40.5932,-115.234,37.3149,510
88.1975,-40.514,-115.282,37.2324,511
88.1054,-40.4277,-115.335,37.1424,512
88.0058,-40.3343,-115.392,37.045,513
87.8987,-40.2338,-115.453,36.9403,514
87.7841,-40.1264,-115.518,36.8283,515
87.6622,-40.012,-115.588,36.7091,516
87.5329,-39.8907,-115.662,36.5827,517
87.3964,-39.7627,-115.74,36.4492,518
87.2527,-39.6279,-115.823,36.3087,519
87.1019,-39.4865,-115.909,36.1613,520
86.944,-39.3384,-115.999,36.0069,521
86.7792,-39.1838,-116.094,35.8458,522
86.6074,-39.0227,-116.192,35.6779,523
86.4288,-38.8552,-116.294,35.5033,524
86.2434,-38.6814,-116.4,35.322,525
86.0514,-38.5012,-116.51,35.1342,526
85.8526,-38.3149,-116.624,34.9399,527
85.6473,-38.1223,-116.741,34.7392,528
85.4355,-37.9236,-116.862,34.5321,529
85.2172,-37.7189,-116.987,34.3188,530
84.9926,-37.5083,-117.116,34.0991,531
84.7617,-37.2917,-117.248,33.8734,532
84.5245,-37.0692,-117.384,33.6415,533
84.2811,-36.841,-117.523,33.4036,534
84.0317,-36.607,-117.666,33.1597,535
83.7762,-36.3674,-117.812,32.9099,536
83.5147,-36.1222,-117.961,32.6542,537
83.2473,-35.8714,-118.114,32.3928,538
82.9741,-35.6151,-118.271,32.1257,539
82.6951,-35.3535,-118.43,31.853,540
82.4104,-35.0865,-118.593,31.5746,541
82.1201,-34.8142,-118.759,31.2908,542
81.8242,-34.5367,-118.929,31.0015,543
81.5228,-34.254,-119.101,30.7068,544
81.2159,-33.9662,-119.277,30.4068,545
80.9037,-33.6734,-119.456,30.1016,546
80.5862,-33.3756,-119.637,29.7912,547
80.2635,-33.0729,-119.822,29.4756,548
79.9356,-32.7654,-120.009,29.1551,549
79.6025,-32.453,-120.2,28.8295,550
79.2645,-32.136,-120.393,28.499,551
78.9215,-31.8143,-120.59,28.1636,552
78.5736,-31.488,-120.789,27.8235,553
78.2208,-31.1571,-120.991,27.4786,554
77.8633,-30.8219,-121.195,27.1291,555
77.5011,-30.4822,-121.403,26.775,556
77.1343,-30.1381,-121.612,26.4164,557
76.7629,-29.7898,-121.825,26.0533,558
76.387,-29.4372,-122.04,25.6858,559
76.0067,-29.0805,-122.258,25.314,560
75.622,-28.7197,-122.478,24.9379,561
75.233,-28.3549,-122.7,24.5576,562
74.8398,-27.9861,-122.925,24.1732,563
74.4426,-27.6136,-123.153,23.7848,564
74.041,-27.2369,-123.382,23.3922,565
73.6355,-26.8566,-123.614,22.9957,566
73.226,-26.4726,-123.849,22.5954,567
72.8127,-26.085,-124.085,22.1913,568
72.3955,-25.6937,-124.324,21.7835,569
71.9746,-25.2989,-124.565,21.372,570
71.55,-24.9007,-124.808,20.9568,571
71.1218,-24.4991,-125.053,20.5382,572
70.69,-24.0941,-125.3,20.116,573
70.2547,-23.6858,-125.549,19.6905,574
69.816,-23.2744,-125.8,19.2616,575
69.3739,-22.8598,-126.053,18.8294,576
68.9286,-22.4421,-126.308,18.394,577
68.48,-22.0214,-126.565,17.9554,578
68.0283,-21.5977,-126.823,17.5138,579
67.5735,-21.1712,-127.083,17.0691,580
67.1156,-20.7418,-127.345,16.6215,581
66.6548,-20.3096,-127.609,16.171,582
66.1912,-19.8748,-127.874,15.7177,583
65.7247,-19.4372,-128.141,15.2616,584
65.2554,-18.9971,-128.41,14.8029,585
64.7835,-18.5545,-128.68,14.3415,586
64.309,-18.1095,-128.951,13.8776,587
63.8319,-17.662,-129.224,13.4111,588
63.3523,-17.2122,-129.499,12.9423,589
62.8703,-16.7602,-129.774,12.4711,590
62.386,-16.3059,-130.052,11.9975,591
61.8993,-15.8495,-130.33,11.5218,592
61.4105,-15.3911,-130.61,11.0439,593
60.9195,-14.9306,-130.891,10.5638,594
60.4265,-14.4681,-131.173,10.0818,595
59.9314,-14.0038,-131.456,9.59778,596
59.4344,-13.5377,-131.741,9.11186,597
58.9355,-13.0698,-132.026,8.62411,598
58.4347,-12.6001,-132.313,8.13457,599
57.9323,-12.1289,-132.6,7.64335,600
57.4281,-11.6561,-132.889,7.15047,601
56.9224,-11.1818,-133.178,6.65602,602
56.4151,-10.706,-133.468,6.16006,603
55.9063,-10.2288,-133.759,5.66266,604
55.3962,-9.75033,-134.051,5.16388,605
54.8846,-9.27058,-134.344,4.66379,606
54.3719,-8.78965,-134.637,4.16245,607
53.8578,-8.30757,-134.931,3.65993,608
53.3427,-7.82443,-135.226,3.1563,609
52.8265,-7.34027,-135.522,2.6516,610
52.3093,-6.85518,-135.818,2.14594,611
51.7911,-6.36921,-136.114,1.63936,612
51.2721,-5.88241,-136.411,1.13191,613
50.7522,-5.39487,-136.709,0.623688,614
50.2317,-4.90664,-137.006,0.114748,615
49.7104,-4.41776,-137.305,-0.394865,616
49.1885,-3.92832,-137.603,-0.905053,617
48.6662,-3.43839,-137.902,-1.41578,618
48.1433,-2.94801,-138.201,-1.92695,619
47.62,-2.45722,-138.501,-2.43856,620
47.0964,-1.96613,-138.8,-2.95048,621
46.5726,-1.47486,-139.1,-3.46259,622
46.0485,-0.983336,-139.4,-3.97496,623
45.5243,-0.491661,-139.7,-4.48748,624
45,3.29053e-07,-140,-5,625
44.4758,0.491702,-140.3,-5.51256,626
43.9516,0.983337,-140.6,-6.02504,627
43.4275,1.47486,-140.9,-6.53741,628
42.9036,1.96618,-141.2,-7.04957,629
42.38,2.45726,-141.499,-7.56148,630
41.8568,2.94801,-141.799,-8.07305,631
41.3339,3.43839,-142.098,-8.58423,632
40.8115,3.92833,-142.397,-9.09495,633
40.2897,4.41777,-142.695,-9.60515,634
39.7684,4.90664,-142.994,-10.1147,635
39.2478,5.39488,-143.292,-10.6237,636
38.728,5.88243,-143.589,-11.1319,637
38.209,6.36922,-143.886,-11.6394,638
37.6908,6.8552,-144.182,-12.146,639
37.1736,7.34029,-144.478,-12.6516,640
36.6573,7.82445,-144.774,-13.1563,641
36.1422,8.30758,-145.069,-13.6599,642
35.6282,8.78965,-145.363,-14.1625,643
35.1154,9.27059,-145.656,-14.6638,644
34.6039,9.75034,-145.949,-15.1639,645
34.0937,10.2288,-146.241,-15.6627,646
33.585,10.706,-146.532,-16.1601,647
33.0777,11.1818,-146.822,-16.656,648
32.5719,11.6561,-147.112,-17.1505,649
32.0678,12.1289,-147.4,-17.6433,650
31.5653,12.6002,-147.688,-18.1346,651
31.0646,13.0698,-147.974,-18.6241,652
30.5657,13.5377,-148.26,-19.1119,653
30.0687,14.0038,-148.544,-19.5978,654
29.5736,14.4682,-148.827,-20.0818,655
29.0805,14.9306,-149.109,-20.5639,656
28.5895,15.3911,-149.39,-21.0439,657
28.1007,15.8495,-149.67,-21.5218,658
27.6141,16.3059,-149.949,-21.9975,659
27.1298,16.7602,-150.226,-22.4711,660
26.6478,17.2122,-150.501,-22.9423,661
26.1682,17.662,-150.776,-23.4111,662
25.6911,18.1095,-151.049,-23.8776,663
25.2165,18.5545,-151.32,-24.3415,664
24.7446,18.9972,-151.59,-24.8029,665
24.2754,19.4372,-151.859,-25.2617,666
23.8089,19.8748,-152.126,-25.7177,667
23.3452,20.3096,-152.391,-26.171,668
22.8844,20.7418,-152.655,-26.6215,669
22.4268,21.171,-152.917,-27.069,670
21.9718,21.5977,-153.177,-27.5138,671
21.5201,22.0214,-153.436,-27.9554,672
21.0715,22.4421,-153.692,-28.394,673
20.6261,22.8598,-153.947,-28.8294,674
20.1841,23.2744,-154.2,-29.2616,675
19.7454,23.6859,-154.451,-29.6905,676
19.3101,24.0941,-154.7,-30.116,677
18.8783,24.4991,-154.947,-30.5382,678
18.4501,24.9007,-155.192,-30.9568,679
18.0254,25.2989,-155.435,-31.372,680
17.6045,25.6937,-155.676,-31.7835,681
17.1874,26.085,-155.915,-32.1913,682
16.774,26.4726,-156.151,-32.5954,683
16.3646,26.8567,-156.386,-32.9957,684
15.9591,27.2369,-156.618,-33.3922,685
15.5576,27.6135,-156.847,-33.7847,686
15.1602,27.9862,-157.075,-34.1732,687
14.767,28.3549,-157.3,-34.5576,688
14.3781,28.7198,-157.522,-34.9379,689
13.9934,29.0805,-157.742,-35.314,690
13.613,29.4372,-157.96,-35.6858,691
13.2372,29.7898,-158.175,-36.0533,692
12.8658,30.1381,-158.388,-36.4164,693
12.4989,30.4822,-158.598,-36.775,694
12.1367,30.8219,-158.805,-37.1291,695
11.7792,31.1572,-159.009,-37.4786,696
11.4265,31.488,-159.211,-37.8235,697
11.0786,31.8143,-159.41,-38.1637,698
10.7356,32.136,-159.607,-38.499,699
10.3975,32.453,-159.8,-38.8295,700
10.0645,32.7654,-159.991,-39.1551,701
9.73658,33.0729,-160.178,-39.4757,702
9.41384,33.3756,-160.363,-39.7912,703
9.09633,33.6734,-160.545,-40.1016,704
8.78412,33.9662,-160.723,-40.4068,705
8.47728,34.254,-160.899,-40.7068,706
8.17588,34.5367,-161.071,-41.0015,707
7.87998,34.8142,-161.241,-41.2908,708
7.58968,35.0864,-161.407,-41.5746,709
7.30496,35.3535,-161.57,-41.853,710
7.02596,35.6151,-161.729,-42.1257,711
6.75275,35.8714,-161.886,-42.3928,712
6.48537,36.1222,-162.039,-42.6542,713
6.22389,36.3674,-162.188,-42.9099,714
5.96839,36.607,-162.334,-43.1597,715
5.71893,36.841,-162.477,-43.4036,716
5.47557,37.0692,-162.616,-43.6415,717
5.23836,37.2917,-162.752,-43.8734,718
5.00744,37.5083,-162.884,-44.0991,719
4.78282,37.7189,-163.013,-44.3187,720
4.56456,37.9236,-163.138,-44.5321,721
4.35274,38.1223,-163.259,-44.7392,722
4.14744,38.3149,-163.376,-44.9399,723
3.94871,38.5012,-163.49,-45.1342,724
3.75662,38.6814,-163.6,-45.322,725
3.57125,38.8552,-163.706,-45.5033,726
3.39265,39.0228,-163.808,-45.6779,727
3.2209,39.1838,-163.907,-45.8458,728
3.05606,39.3384,-164.001,-46.0069,729
2.8982,39.4865,-164.091,-46.1613,730
2.74739,39.6279,-164.178,-46.3087,731
2.60368,39.7627,-164.26,-46.4492,732
2.46717,39.8907,-164.338,-46.5827,733
2.3379,40.012,-164.412,-46.709,734
2.21594,40.1264,-164.482,-46.8283,735
2.10136,40.2338,-164.547,-46.9403,736
1.99424,40.3343,-164.609,-47.045,737
1.89462,40.4277,-164.666,-47.1424,738
1.80259,40.514,-164.718,-47.2324,739
1.71822,40.5932,-164.766,-47.3149,740
1.64156,40.6651,-164.81,-47.3898,741
1.57269,40.7297,-164.85,-47.4572,742
1.51166,40.7869,-164.885,-47.5168,743
1.45855,40.8367,-164.915,-47.5687,744
1.41344,40.879,-164.941,-47.6129,745
1.37637,40.9138,-164.962,-47.6491,746
1.34743,40.9409,-164.979,-47.6774,747
1.32667,40.9604,-164.991,-47.6977,748
1.31416,40.9721,-164.998,-47.7099,749
1.30998,40.976,-165,-47.714,750
1.31398,40.9711,-164.997,-47.712,751
1.32595,40.9564,-164.989,-47.7061,752
1.34581,40.932,-164.974,-47.6963,753
1.37351,40.8979,-164.954,-47.6827,754
1.40898,40.8543,-164.928,-47.6652,755
1.45215,40.8012,-164.897,-47.6438,756
1.50297,40.7387,-164.86,-47.6188,757
1.56136,40.6669,-164.818,-47.59,758
1.62726,40.5858,-164.771,-47.5574,759
1.7006,40.4956,-164.718,-47.5213,760
1.78133,40.3963,-164.659,-47.4814,761
1.86938,40.288,-164.595,-47.438,762
1.96469,40.1708,-164.526,-47.391,763
2.06718,40.0448,-164.452,-47.3404,764
2.1768,39.91,-164.373,-47.2863,765
2.29347,39.7665,-164.289,-47.2287,766
2.41715,39.6144,-164.199,-47.1677,767
2.54775,39.4537,-164.105,-47.1033,768
2.68522,39.2847,-164.005,-47.0354,769
2.82949,39.1072,-163.901,-46.9642,770
2.9805,38.9215,-163.792,-46.8897,771
3.13819,38.7276,-163.678,-46.8119,772
3.30248,38.5255,-163.559,-46.7308,773
3.47332,38.3154,-163.435,-46.6465,774
3.65064,38.0973,-163.307,-46.5591,775
3.83437,37.8713,-163.174,-46.4684,776
4.02445,37.6376,-163.037,-46.3746,777
4.22082,37.396,-162.895,-46.2777,778
4.42342,37.1469,-162.748,-46.1777,779
4.63217,36.8901,-162.597,-46.0747,780
4.84701,36.6259,-162.442,-45.9687,781
5.06788,36.3543,-162.282,-45.8597,782
5.29472,36.0753,-162.118,-45.7478,783
5.52745,35.789,-161.949,-45.633,784
5.76602,35.4956,-161.777,-45.5153,785
6.01036,35.1951,-161.6,-45.3947,786
6.26041,34.8876,-161.419,-45.2713,787
6.5161,34.5731,-161.234,-45.1452,788
6.77737,34.2518,-161.045,-45.0162,789
7.04415,33.9237,-160.852,-44.8846,790
7.31638,33.5889,-160.656,-44.7503,791
7.59399,33.2474,-160.455,-44.6133,792
7.87692,32.8994,-160.25,-44.4737,793
8.1651,32.545,-160.042,-44.3315,794
8.45848,32.1842,-159.829,-44.1867,795
8.75699,31.8171,-159.614,-44.0394,796
9.06055,31.4437,-159.394,-43.8896,797
9.36911,31.0642,-159.171,-43.7374,798
9.68261,30.6787,-158.944,-43.5827,799
10.001,30.2871,-158.714,-43.4256,800
10.3241,29.8897,-158.48,-43.2662,801
10.652,29.4864,-158.243,-43.1044,802
10.9846,29.0773,-158.002,-42.9403,803
11.3218,28.6626,-157.758,-42.7739,804
11.6635,28.2423,-157.511,-42.6053,805
12.0098,27.8165,-157.261,-42.4344,806
12.3604,27.3853,-157.007,-42.2614,807
12.7154,26.9487,-156.75,-42.0863,808
13.0746,26.5068,-156.49,-41.909,809
13.4381,26.0598,-156.228,-41.7296,810
13.8058,25.6076,-155.962,-41.5482,811
14.1775,25.1504,-155.693,-41.3648,812
14.5533,24.6882,-155.421,-41.1794,813
14.9331,24.2212,-155.146,-40.992,814
15.3167,23.7493,-154.869,-40.8027,815
15.7042,23.2728,-154.588,-40.6115,816
16.0954,22.7916,-154.305,-40.4184,817
16.4904,22.3058,-154.02,-40.2235,818
16.889,21.8156,-153.731,-40.0269,819
17.2912,21.321,-153.441,-39.8284,820
17.6969,20.822,-153.147,-39.6282,821
18.106,20.3188,-152.851,-39.4264,822
18.5186,19.8114,-152.553,-39.2228,823
18.9344,19.3,-152.252,-39.0176,824
19.3535,18.7845,-151.949,-38.8108,825
19.7758,18.2651,-151.643,-38.6024,826
20.2012,17.7419,-151.336,-38.3925,827
20.6297,17.2149,-151.026,-38.1811,828
21.0612,16.6842,-150.714,-37.9682,829
21.4956,16.15,-150.399,-37.7538,830
21.9329,15.6121,-150.083,-37.538,831
22.373,15.0709,-149.765,-37.3209,832
22.8159,14.5262,-149.444,-37.1024,833
23.2614,13.9783,-149.122,-36.8826,834
23.7095,13.4272,-148.798,-36.6614,835
24.1601,12.8729,-148.472,-36.4391,836
24.6133,12.3156,-148.144,-36.2155,837
25.0689,11.7553,-147.815,-35.9907,838
25.5268,11.1921,-147.484,-35.7647,839
25.987,10.6261,-147.151,-35.5377,840
26.4494,10.0573,-146.816,-35.3095,841
26.914,9.48593,-146.48,-35.0802,842
27.3807,8.91195,-146.143,-34.8499,843
27.8494,8.33547,-145.804,-34.6187,844
28.3201,7.75658,-145.463,-34.3864,845
28.7927,7.17534,-145.121,-34.1532,846
29.2672,6.59185,-144.778,-33.9191,847
29.7434,6.00618,-144.434,-33.6842,848
30.2213,5.4184,-144.088,-33.4483,849
30.7008,4.8286,-143.741,-33.2117,850
31.182,4.23687,-143.393,-32.9743,851
31.6646,3.64325,-143.044,-32.7362,852
32.1487,3.04787,-142.694,-32.4973,853
32.6342,2.45078,-142.343,-32.2577,854
33.121,1.85206,-141.991,-32.0175,855
33.6091,1.2518,-141.638,-31.7767,856
34.0983,0.650056,-141.284,-31.5353,857
34.5887,0.0469115,-140.929,-31.2933,858
35.0802,-0.557493,-140.574,-31.0508,859
35.5726,-1.16316,-140.217,-30.8078,860
36.066,-1.76996,-139.86,-30.5644,861
36.5602,-2.37784,-139.503,-30.3205,862
37.0553,-2.9867,-139.145,-30.0762,863
37.5511,-3.59649,-138.786,-29.8316,864
38.0476,-4.2071,-138.427,-29.5866,865
38.5447,-4.81848,-138.068,-29.3413,866
39.0423,-5.43051,-137.708,-29.0958,867
39.5404,-6.04315,-137.347,-28.85,868
40.039,-6.6563,-136.987,-28.604,869
40.5379,-7.26988,-136.626,-28.3578,870
41.0371,-7.88383,-136.265,-28.1115,871
41.5365,-8.49806,-135.904,-27.8651,872
42.0361,-9.11247,-135.542,-27.6186,873
42.5357,-9.72702,-135.181,-27.372,874
43.0354,-10.3416,-134.819,-27.1255,875
43.5351,-10.9561,-134.458,-26.8789,876
44.0347,-11.5706,-134.097,-26.6324,877
44.5341,-12.1848,-133.735,-26.386,878
45.0333,-12.7987,-133.374,-26.1397,879
45.5322,-13.4123,-133.013,-25.8935,880
46.0307,-14.0255,-132.653,-25.6475,881
46.5288,-14.6381,-132.292,-25.4017,882
47.0265,-15.2501,-131.933,-25.1562,883
47.5236,-15.8615,-131.573,-24.9109,884
48.0201,-16.4721,-131.214,-24.6659,885
48.5159,-17.0819,-130.855,-24.4213,886
49.0109,-17.6908,-130.497,-24.177,887
49.5052,-18.2987,-130.14,-23.9331,888
49.9986,-18.9055,-129.783,-23.6897,889
50.491,-19.5111,-129.427,-23.4467,890
50.9825,-20.1155,-129.071,-23.2042,891
51.4728,-20.7187,-128.716,-22.9622,892
51.9621,-21.3204,-128.362,-22.7208,893
52.4502,-21.9207,-128.009,-22.48,894
52.937,-22.5194,-127.657,-22.2398,895
53.4225,-23.1165,-127.306,-22.0002,896
53.9066,-23.7119,-126.956,-21.7613,897
54.3892,-24.3055,-126.607,-21.5232,898
54.8703,-24.8972,-126.259,-21.2858,899
55.3499,-25.487,-125.912,-21.0492,900
55.8278,-26.0748,-125.566,-20.8133,901
56.304,-26.6605,-125.222,-20.5784,902
56.7784,-27.244,-124.879,-20.3443,903
57.251,-27.8252,-124.537,-20.1111,904
57.7217,-28.4041,-124.196,-19.8788,905
58.1904,-28.9806,-123.857,-19.6475,906
58.6571,-29.5545,-123.52,-19.4173,907
59.1217,-30.1259,-123.184,-19.188,908
59.5842,-30.6947,-122.849,-18.9598,909
60.0444,-31.2607,-122.516,-18.7328,910
60.5023,-31.8239,-122.185,-18.5068,911
60.9579,-32.3842,-121.856,-18.282,912
61.411,-32.9415,-121.528,-18.0584,913
61.8617,-33.4958,-121.202,-17.836,914
62.3098,-34.0469,-120.878,-17.6149,915
62.7553,-34.5948,-120.556,-17.3951,916
63.1982,-35.1395,-120.235,-17.1766,917
63.6383,-35.6807,-119.917,-16.9594,918
64.0755,-36.2186,-119.601,-16.7437,919
64.51,-36.7529,-119.286,-16.5293,920
64.9414,-37.2835,-118.974,-16.3164,921
65.3699,-37.8105,-118.664,-16.105,922
65.7954,-38.3338,-118.357,-15.8951,923
66.2177,-38.8531,-118.051,-15.6867,924
66.6368,-39.3686,-117.748,-15.4799,925
67.0526,-39.88,-117.447,-15.2747,926
67.4651,-40.3874,-117.149,-15.0711,927
67.8743,-40.8906,-116.853,-14.8693,928
68.28,-41.3896,-116.56,-14.6691,929
68.6822,-41.8842,-116.269,-14.4706,930
69.0808,-42.3744,-115.98,-14.2739,931
69.4757,-42.8602,-115.695,-14.0791,932
69.867,-43.3414,-115.412,-13.886,933
70.2545,-43.818,-115.131,-13.6948,934
70.6381,-44.2898,-114.854,-13.5055,935
71.0178,-44.7568,-114.579,-13.3181,936
71.3936,-45.219,-114.307,-13.1327,937
71.7654,-45.6762,-114.038,-12.9493,938
72.133,-46.1284,-113.773,-12.7679,939
72.4965,-46.5754,-113.51,-12.5885,940
72.8558,-47.0173,-113.25,-12.4112,941
73.2108,-47.4539,-112.993,-12.2361,942
73.5614,-47.8851,-112.739,-12.0631,943
73.9076,-48.3109,-112.489,-11.8922,944
74.2494,-48.7312,-112.242,-11.7236,945
74.5866,-49.1459,-111.998,-11.5572,946
74.9191,-49.555,-111.757,-11.3931,947
75.247,-49.9583,-111.52,-11.2313,948
75.5702,-50.3557,-111.286,-11.0719,949
75.8886,-50.7473,-111.056,-10.9148,950
76.2021,-51.1328,-110.829,-10.7601,951
76.5106,-51.5123,-110.606,-10.6078,952
76.8142,-51.8857,-110.387,-10.4581,953
77.1127,-52.2528,-110.171,-10.3108,954
77.4061,-52.6136,-109.958,-10.166,955
77.6942,-52.968,-109.75,-10.0238,956
77.9772,-53.316,-109.545,-9.88421,957
78.2548,-53.6575,-109.345,-9.74722,958
78.527,-53.9923,-109.148,-9.6129,959
78.7938,-54.3204,-108.955,-9.48126,960
79.0551,-54.6417,-108.766,-9.35234,961
79.3108,-54.9562,-108.581,-9.22618,962
79.5608,-55.2637,-108.4,-9.1028,963
79.8051,-55.5642,-108.223,-8.98223,964
80.0437,-55.8576,-108.051,-8.86452,965
80.2765,-56.1439,-107.882,-8.74968,966
80.5033,-56.4229,-107.718,-8.63775,967
80.7242,-56.6945,-107.558,-8.52877,968
80.939,-56.9587,-107.403,-8.42276,969
81.1477,-57.2155,-107.252,-8.31975,970
81.3503,-57.4646,-107.106,-8.21979,971
81.5467,-57.7062,-106.963,-8.12289,972
81.7368,-57.9399,-106.826,-8.0291,973
81.9205,-58.1659,-106.693,-7.93844,974
82.0978,-58.384,-106.565,-7.85095,975
82.2687,-58.5941,-106.441,-7.76665,976
82.433,-58.7962,-106.322,-7.68558,977
82.5907,-58.9901,-106.208,-7.60778,978
82.7417,-59.1758,-106.099,-7.53326,979
82.8859,-59.3533,-105.995,-7.46208,980
83.0234,-59.5223,-105.895,-7.39425,981
83.154,-59.683,-105.801,-7.3298,982
83.2777,-59.8351,-105.711,-7.26878,983
83.3944,-59.9786,-105.627,-7.21121,984
83.504,-60.1134,-105.548,-7.15712,985
83.6065,-60.2394,-105.474,-7.10655,986
83.7018,-60.3566,-105.405,-7.05952,987
83.7898,-60.4649,-105.341,-7.01608,988
83.8706,-60.5642,-105.283,-6.97624,989
83.9439,-60.6544,-105.23,-6.94005,990
84.0098,-60.7355,-105.182,-6.90753,991
84.0682,-60.8073,-105.14,-6.87872,992
84.119,-60.8698,-105.103,-6.85365,993
84.1622,-60.9229,-105.072,-6.83234,994
84.1977,-60.9665,-105.046,-6.81484,995
84.2254,-61.0006,-105.026,-6.80118,996
84.2452,-61.025,-105.012,-6.79137,997
84.2572,-61.0397,-105.003,-6.78547,998
84.2572,-61.0397,-105.003,-6.78547,999
